﻿<?xml version="1.0" encoding="utf-8" ?>
<Defs>
  <!-- bases -->
  <PawnKindDef Abstract="True" Name="BasePlayerPawnKind">
    <race>Human</race>
    <combatPower>30</combatPower>
    <isFighter>false</isFighter>
    <apparelIgnoreSeasons>true</apparelIgnoreSeasons>
    <forceNormalGearQuality>true</forceNormalGearQuality>
  </PawnKindDef>
  <!--PawnKindDef .dll infor
  using RimWorld;
using System.Collections.Generic;
using System.Diagnostics;
using UnityEngine;

namespace Verse
{
  public class PawnKindDef : Def
  {
    public List<PawnKindLifeStage> lifeStages = new List<PawnKindLifeStage>();
    public int maxGenerationAge = 999999;
    public bool isFighter = true;
    public float combatPower = -1f;
    public bool canArriveManhunter = true;
    public float baseRecruitDifficulty = 0.5f;
    public FloatRange fleeHealthThresholdRange = new FloatRange(-0.4f, 0.4f);
    public QualityCategory itemQuality = QualityCategory.Normal;
    public FloatRange gearHealthRange = FloatRange.One;
    public FloatRange weaponMoney = FloatRange.Zero;
    public FloatRange apparelMoney = FloatRange.Zero;
    public float apparelAllowHeadgearChance = 1f;
    public Color apparelColor = Color.white;
    public FloatRange techHediffsMoney = FloatRange.Zero;
    public List<ThingDefCountClass> fixedInventory = new List<ThingDefCountClass>();
    public IntRange combatEnhancingDrugsCount = IntRange.zero;
    public IntRange wildGroupSize = IntRange.one;
    public float ecoSystemWeight = 1f;
    public ThingDef race;
    public FactionDef defaultFactionType;
    [NoTranslate]
    public List<string> backstoryCategories;
    [MustTranslate]
    public string labelPlural;
    public float backstoryCryptosleepCommonality;
    public int minGenerationAge;
    public bool factionLeader;
    public bool destroyGearOnDrop;
    public bool canBeSapper;
    public bool aiAvoidCover;
    public bool forceNormalGearQuality;
    [NoTranslate]
    public List<string> weaponTags;
    public List<ThingDef> apparelRequired;
    [NoTranslate]
    public List<string> apparelTags;
    public bool apparelIgnoreSeasons;
    [NoTranslate]
    public List<string> techHediffsTags;
    public float techHediffsChance;
    public PawnInventoryOption inventoryOptions;
    public float invNutrition;
    public ThingDef invFoodDef;
    public float chemicalAddictionChance;
    public float combatEnhancingDrugsChance;
    public bool trader;
    [MustTranslate]
    public string labelMale;
    [MustTranslate]
    public string labelMalePlural;
    [MustTranslate]
    public string labelFemale;
    [MustTranslate]
    public string labelFemalePlural;

    public RaceProperties RaceProps
    {
      get
      {
        return this.race.race;
      }
    }

    public override void ResolveReferences()
    {
      base.ResolveReferences();
      for (int index = 0; index < this.lifeStages.Count; ++index)
        this.lifeStages[index].ResolveReferences();
    }

    public string GetLabelPlural(int count = -1)
    {
      if (!this.labelPlural.NullOrEmpty())
        return this.labelPlural;
      return Find.ActiveLanguageWorker.Pluralize(this.label, count);
    }

    [DebuggerHidden]
    public override IEnumerable<string> ConfigErrors()
    {
      // ISSUE: object of a compiler-generated type is created
      // ISSUE: variable of a compiler-generated type
      PawnKindDef.\u003CConfigErrors\u003Ec__Iterator0 errorsCIterator0 = new PawnKindDef.\u003CConfigErrors\u003Ec__Iterator0()
      {
        \u0024this = this
      };
      // ISSUE: reference to a compiler-generated field
      errorsCIterator0.\u0024PC = -2;
      return (IEnumerable<string>) errorsCIterator0;
    }

    public static PawnKindDef Named(string defName)
    {
      return DefDatabase<PawnKindDef>.GetNamed(defName, true);
    }
  }
}
  -->
  <!-- weaponTags
		
      <li>MechanoidGunHeavy</li>
      <li>NeolithicRangedBasic</li>
      <li>NeolithicRangedHeavy</li>
      <li>NeolithicRangedDecent</li>
      <li>NeolithicRangedChief</li>
      <li>SpacerGun</li>
      <li>MechanoidGunMedium</li>
      <li>SpacerGun</li>
      <li>Gun</li>
      <li>MedievalMeleeBasic</li>
      <li>MedievalMeleeDecent</li>
      <li>MedievalMeleeAdvanced</li>
      <li>NeolithicMeleeBasic</li>
      <li>NeolithicMeleeDecent</li>
      <li>NeolithicMeleeAdvanced</li>
      <li>SimpleGun</li>
      <li>Revolver</li>
			<li>IndustrialGunAdvanced</li>
      <li>GunHeavy</li>
			<li>GrenadeDestructive</li>
      <li>GrenadeEMP</li>
     -->
   <!-- apparelTags
		<li>Neolithic</li>
		<li>IndustrialBasic</li>
        <li>IndustrialAdvanced</li>
        <li>MedievalMilitary</li>
        <li>IndustrialMilitaryBasic</li>
        <li>SpacerMilitary</li>
        <li>IndustrialMilitaryAdvanced</li>
        <li>BeltDefense</li>
        <li>BeltDefensePop</li>
  
   -->  
<!-- apparelRequired
  <li>Apparel_TribalA</li>
<li>Apparel_Parka</li>
<li>Apparel_Pants</li>
<li>Apparel_BasicShirt</li>
<li>Apparel_CollarShirt</li>
<li>Apparel_Duster</li>
<li>Apparel_Jacket</li>
<li>Apparel_PlateArmor</li>
<li>Apparel_FlakVest</li>
<li>Apparel_FlakPants</li>
<li>Apparel_FlakJacket</li>
<li>Apparel_PowerArmor</li>
<li>Apparel_CowboyHat</li>
<li>Apparel_BowlerHat</li>
<li>Apparel_TribalHeaddress</li>
<li>Apparel_Tuque</li>
<li>Apparel_WarMask</li>
<li>Apparel_WarVeil</li>
<li>Apparel_SimpleHelmet</li>
<li>Apparel_AdvancedHelmet</li>
<li>Apparel_PowerArmorHelmet</li>
<li>Apparel_PsychicFoilHelmet</li>
<li>Apparel_ShieldBelt</li>
<li>Apparel_SmokepopBelt</li>
   -->
  <!-- new PawnKinds -->
  <!-- UndefinedColonist -->
  <PawnKindDef ParentName="BasePlayerPawnKind">
    <defName>UndefinedColonist</defName>
    <label>undefined man</label>
    <labelPlural>undefined men</labelPlural>
    <labelFemale>undefined woman</labelFemale>
    <labelFemalePlural>undefined women</labelFemalePlural>
    <defaultFactionType>PlayerUndefined</defaultFactionType>
    <backstoryCategories>
      <li>Tribal</li>
      <li>Slave</li>
    </backstoryCategories>
    <chemicalAddictionChance>0</chemicalAddictionChance>
    <gearHealthRange>
      <min>0.2</min>
      <max>0.8</max>
    </gearHealthRange>
    <apparelTags>
      <li>Neolithic</li>
      <li>IndustrialBasic</li>
    </apparelTags>
    <apparelMoney>
      <min>0</min>
      <max>350</max>
    </apparelMoney>
    <backstoryCryptosleepCommonality>0</backstoryCryptosleepCommonality>
    <techHediffsMoney> 
      <min>50</min>
      <max>800</max>
    </techHediffsMoney>
    <techHediffsTags>
      <li>Poor</li>
    </techHediffsTags>
    <techHediffsChance>0.02</techHediffsChance>
    <invNutrition>1</invNutrition>
    <invFoodDef>Pemmican</invFoodDef>
  </PawnKindDef>
  <!-- AnimalColonist -->
  <PawnKindDef ParentName="BasePlayerPawnKind">
    <defName>AnimalColonist</defName>
    <label>animal man</label>
    <labelPlural>animal men</labelPlural>
    <labelFemale>animal woman</labelFemale>
    <labelFemalePlural>animal women</labelFemalePlural>
    <defaultFactionType>PlayerAnimal</defaultFactionType>
    <backstoryCategories>
      <li>Tribal</li>
    </backstoryCategories>
    <baseRecruitDifficulty>0.90</baseRecruitDifficulty>
    <minGenerationAge>30</minGenerationAge>
    <maxGenerationAge>999</maxGenerationAge>	
    <chemicalAddictionChance>0.01</chemicalAddictionChance>
    <invNutrition>0</invNutrition>
    <gearHealthRange>
      <min>0.2</min>
      <max>1.8</max>
    </gearHealthRange>
    <apparelTags>
      <li>Neolithic</li>
    </apparelTags>
    <apparelMoney>
      <min>50</min>
      <max>750</max>
    </apparelMoney>
    <weaponMoney>
      <min>90</min>
      <max>1000</max>
    </weaponMoney>
    <weaponTags>
      <li>NeolithicMeleeBasic</li>
	  <li>NeolithicRangedBasic</li>
      <li>NeolithicMeleeDecent</li>
      <li>NeolithicRangedDecent</li>
      <li>NeolithicMeleeAdvanced</li>
      <li>NeolithicRangedHeavy</li>
      <li>MedievalMeleeAdvanced</li>
	  <li>NeolithicRangedChief</li>
    </weaponTags>
    <backstoryCryptosleepCommonality>0</backstoryCryptosleepCommonality>
    <techHediffsMoney>
      <min>50</min>
      <max>50</max>
    </techHediffsMoney>
    <techHediffsTags>
      <li>Poor</li>
    </techHediffsTags>
    <techHediffsChance>0.02</techHediffsChance>
  </PawnKindDef>
  <!-- NeolithicColonist -->
  <PawnKindDef ParentName="BasePlayerPawnKind">
    <defName>NeolithicColonist</defName>
    <label>neolithic man</label>
    <labelPlural>neolithic men</labelPlural>
    <labelFemale>neolithic woman</labelFemale>
    <labelFemalePlural>neolithic women</labelFemalePlural>
    <defaultFactionType>PlayerNeolithic</defaultFactionType>
    <backstoryCategories>
      <li>Tribal</li>
    </backstoryCategories>
    <chemicalAddictionChance>0.02</chemicalAddictionChance>
    <apparelTags>
      <li>Neolithic</li>
    </apparelTags>
    <apparelMoney>
      <min>200</min>
      <max>200</max>
    </apparelMoney>
    <backstoryCryptosleepCommonality>0</backstoryCryptosleepCommonality>
    <techHediffsMoney>
      <min>50</min>
      <max>50</max>
    </techHediffsMoney>
    <techHediffsTags>
      <li>Poor</li>
    </techHediffsTags>
    <techHediffsChance>0.02</techHediffsChance>
  </PawnKindDef>
  <!-- MedievalColonist -->
  <PawnKindDef ParentName="BasePlayerPawnKind">
    <defName>MedievalColonist</defName>
    <label>medieval man</label>
    <labelPlural>medieval men</labelPlural>
    <labelFemale>medieval woman</labelFemale>
    <labelFemalePlural>medieval women</labelFemalePlural>
    <defaultFactionType>PlayerMedieval</defaultFactionType>
    <backstoryCategories>
      <li>Tribal</li>
    </backstoryCategories>
    <chemicalAddictionChance>0.03</chemicalAddictionChance>
    <apparelTags>
      <li>Neolithic</li>
      <li>MedievalMilitary</li>
    </apparelTags>
    <apparelMoney>
      <min>10000</min>
      <max>10000</max>
    </apparelMoney>
    <backstoryCryptosleepCommonality>0</backstoryCryptosleepCommonality>
    <techHediffsMoney> 
      <min>10000</min>
      <max>10000</max>
    </techHediffsMoney>
    <techHediffsTags>
      <li>Poor</li>
    </techHediffsTags>
    <techHediffsChance>0.02</techHediffsChance>
  </PawnKindDef>  
  <!-- IndustrialColonist -->
  <PawnKindDef ParentName="BasePlayerPawnKind">
    <defName>IndustrialColonist</defName>
    <label>industrial man</label>
    <labelPlural>industrial men</labelPlural>
    <labelFemale>industrial woman</labelFemale>
    <labelFemalePlural>industrial women</labelFemalePlural>
    <defaultFactionType>PlayerIndustrial</defaultFactionType>
    <backstoryCategories>
      <li>Civil</li>
    </backstoryCategories>
    <chemicalAddictionChance>0.04</chemicalAddictionChance>
    <invNutrition>2.55</invNutrition>
    <apparelTags>
      <li>IndustrialBasic</li>
      <li>IndustrialAdvanced</li>
      <li>IndustrialMilitaryBasic</li>
      <li>IndustrialMilitaryAdvanced</li>
      <li>BeltDefensePop</li>
    </apparelTags>
    <gearHealthRange>
      <min>0.2</min>
      <max>2.0</max>
    </gearHealthRange>
    <inventoryOptions>
      <skipChance>0.70</skipChance>
      <subOptionsChooseOne>
        <li>
          <choiceChance>90</choiceChance>
          <thingDef>Silver</thingDef>
          <countRange>
            <min>30</min>
            <max>100</max>
          </countRange>
        </li>
      </subOptionsChooseOne>
    </inventoryOptions>
    <apparelMoney>
      <min>200</min>
      <max>1200</max>
    </apparelMoney>
    <weaponTags>
      <li>Gun</li>
      <li>MedievalMeleeBasic</li>
    </weaponTags>
    <weaponMoney>
      <min>65</min>
      <max>400</max>
    </weaponMoney>
    <backstoryCryptosleepCommonality>0.05</backstoryCryptosleepCommonality>
    <techHediffsChance>0.02</techHediffsChance>
    <techHediffsMoney>
      <min>50</min>
      <max>1500</max>
    </techHediffsMoney>
    <techHediffsTags>
      <li>Poor</li>
      <li>Simple</li>
      <li>Advanced</li>
    </techHediffsTags>
  </PawnKindDef>
  <!-- SpacerColonist --> 
  <PawnKindDef ParentName="BasePlayerPawnKind">
    <defName>SpacerColonist</defName>
    <label>spacer man</label>
    <labelPlural>spacer men</labelPlural>
    <labelFemale>spacer woman</labelFemale>
    <labelFemalePlural>spacer women</labelFemalePlural>
    <maxGenerationAge>45</maxGenerationAge>
    <defaultFactionType>PlayerSpacer</defaultFactionType>
    <baseRecruitDifficulty>0.90</baseRecruitDifficulty>
    <backstoryCategories>
      <li>Tribal</li>
    </backstoryCategories>
    <chemicalAddictionChance>0.05</chemicalAddictionChance>
	<gearHealthRange>
	  <min>0.7</min>
      <max>3.2</max>
	</gearHealthRange>
    <apparelTags>
      <li>IndustrialBasic</li>
      <li>IndustrialAdvanced</li>
      <li>IndustrialMilitaryBasic</li>
      <li>IndustrialMilitaryAdvanced</li>
      <li>SpacerMilitary</li>
      <li>BeltDefensePop</li>
    </apparelTags>
    <apparelMoney>
      <min>200</min>
      <max>3500</max>
    </apparelMoney>
	<weaponTags>
	  <li>GrenadeDestructive</li>
	  <li>GrenadeEMP</li>
      <li>Gun</li>
      <li>GunHeavy</li>
	  <li>IndustrialGunAdvanced</li>
      <li>MedievalMeleeDecent</li>
      <li>MedievalMeleeAdvanced</li>
      <li>SniperRifle</li>
	</weaponTags>
	<weaponMoney>
	  <min>250</min>
      <max>1400</max>
	</weaponMoney>
    <backstoryCryptosleepCommonality>0.25</backstoryCryptosleepCommonality>
    <techHediffsMoney> 
	  <min>500</min>
      <max>1200</max>
    </techHediffsMoney>
    <techHediffsTags>
      <li>Poor</li>
      <li>Simple</li>
      <li>Advanced</li>
    </techHediffsTags>
	<inventoryOptions>
      <skipChance>0.8</skipChance>
		<subOptionsChooseOne>
			<li>
				<thingDef>Silver</thingDef>
				<countRange>
					<min>50</min>
					<max>400</max>
				</countRange>
			</li>
			<li>
				<thingDef>MedicineIndustrial</thingDef>
				<countRange>
					<min>1</min>
					<max>2</max>
				</countRange>
			</li>
		</subOptionsChooseOne>
	</inventoryOptions>
    <combatEnhancingDrugsChance>0.80</combatEnhancingDrugsChance>
    <combatEnhancingDrugsCount>
      <min>0</min>
      <max>2</max>
    </combatEnhancingDrugsCount>
    <techHediffsChance>0.02</techHediffsChance>
  </PawnKindDef>
  <!-- UltraColonist -->
  <PawnKindDef ParentName="BasePlayerPawnKind">
    <defName>UltraColonist</defName>
    <label>ultra man</label>
    <labelPlural>ultra men</labelPlural>
    <labelFemale>ultra woman</labelFemale>
    <labelFemalePlural>ultra women</labelFemalePlural>
    <defaultFactionType>PlayerUltra</defaultFactionType>
    <backstoryCategories>
      <li>Civil</li>
    </backstoryCategories>
    <chemicalAddictionChance>0.06</chemicalAddictionChance>
    <apparelTags>
      <li>Neolithic</li>
      <li>MedievalMilitary</li>
	  <li>IndustrialBasic</li>
      <li>IndustrialAdvanced</li>
      <li>IndustrialMilitaryBasic</li>
      <li>IndustrialMilitaryAdvanced</li>
      <li>BeltDefensePop</li>
      <li>SpacerMilitary</li>
      <li>Outlander</li>
    </apparelTags>
    <apparelMoney>
      <min>1000000</min>
      <max>1000000</max>
    </apparelMoney>
    <backstoryCryptosleepCommonality>0.5</backstoryCryptosleepCommonality>
    <techHediffsMoney> 
      <min>1000000</min>
      <max>1000000</max>
    </techHediffsMoney>
    <techHediffsTags>
      <li>Poor</li>
    </techHediffsTags>
    <techHediffsChance>0.02</techHediffsChance>
  </PawnKindDef>
  <!-- ArchotechColonist -->
  <PawnKindDef ParentName="BasePlayerPawnKind">
    <defName>ArchotechColonist</defName>
    <label>archotech man</label>
    <labelPlural>archotech men</labelPlural>
    <labelFemale>archotech woman</labelFemale>
    <labelFemalePlural>archotech women</labelFemalePlural>
    <minGenerationAge>20</minGenerationAge>
    <maxGenerationAge>65</maxGenerationAge>
    <defaultFactionType>PlayerArchotech</defaultFactionType>
    <backstoryCategories>
      <li>Traveler</li>
    </backstoryCategories>
    <invNutrition>10.0</invNutrition>
    <chemicalAddictionChance>0.07</chemicalAddictionChance>
    <gearHealthRange>
      <min>0.2</min>
      <max>2.3</max>
    </gearHealthRange>
    <apparelTags>
      <li>IndustrialBasic</li>
      <li>IndustrialAdvanced</li>
      <li>IndustrialMilitaryBasic</li>
      <li>IndustrialMilitaryAdvanced</li>
      <li>Outlander</li>
    </apparelTags>
    <apparelMoney>
      <min>90</min>
      <max>3800</max>
    </apparelMoney>
    <apparelColor>(58,58,58)</apparelColor>
    <weaponTags>
      <li>NeolithicMeleeBasic</li>
      <li>MedievalMeleeBasic</li>
      <li>MedievalMeleeDecent</li>
      <li>Revolver</li>
      <li>Gun</li>
    </weaponTags>
    <weaponMoney>
      <min>60</min>
      <max>500</max>
    </weaponMoney>
    <inventoryOptions>
      <skipChance>0.8</skipChance>
      <subOptionsChooseOne>
        <li>
          <thingDef>Silver</thingDef>
          <countRange>
            <min>25</min>
            <max>80</max>
          </countRange>
        </li>
        <li>
          <choiceChance>6</choiceChance>
          <thingDef>MedicineIndustrial</thingDef>
          <countRange>
            <min>1</min>
            <max>5</max>
          </countRange>
        </li>
      </subOptionsChooseOne>
    </inventoryOptions>
    <backstoryCryptosleepCommonality>0.75</backstoryCryptosleepCommonality>
    <techHediffsMoney>
      <min>50</min>
      <max>800</max>
    </techHediffsMoney>
    <techHediffsTags>
      <li>Poor</li>
      <li>Simple</li>
    </techHediffsTags>
    <techHediffsChance>0.02</techHediffsChance>
  </PawnKindDef>
    <!-- StarflightColonist -->
  <PawnKindDef ParentName="BasePlayerPawnKind">
    <defName>StarflightColonist</defName>
    <labelMale>starflight man</labelMale>
    <labelMalePlural>starflight men</labelMalePlural>
    <labelFemale>starflight woman</labelFemale>
    <labelFemalePlural>starflight women</labelFemalePlural>
    <baseRecruitDifficulty>0.30</baseRecruitDifficulty>
    <defaultFactionType>PlayerStarflight</defaultFactionType>
    <backstoryCategories>
      <li>Civil</li>
    </backstoryCategories>
    <chemicalAddictionChance>0.08</chemicalAddictionChance>
    <apparelTags>
      <li>IndustrialBasic</li>
      <li>IndustrialAdvanced</li>
      <li>IndustrialMilitaryBasic</li>
      <li>IndustrialMilitaryAdvanced</li>
      <li>SpacerMilitary</li>
      <li>BeltDefensePop</li>
      <li>Outlander</li>
    </apparelTags>	
    <gearHealthRange>
      <min>0.4</min>
      <max>1.4</max>
    </gearHealthRange>
    <apparelMoney>
      <min>1000</min>
      <max>3800</max>
    </apparelMoney>
    <weaponMoney>
      <min>300</min>
      <max>900</max>
    </weaponMoney>
    <weaponTags>		
      <li>SpacerGun</li>
      <li>Gun</li>
	  <li>IndustrialGunAdvanced</li>
      <li>GunHeavy</li>
	  <li>GrenadeDestructive</li>
      <li>GrenadeEMP</li>
    </weaponTags>
    <apparelColor>(256,256,256)</apparelColor>
    <backstoryCryptosleepCommonality>0.85</backstoryCryptosleepCommonality>
    <techHediffsMoney> 
      <min>1000000</min>
      <max>1000000</max>
    </techHediffsMoney>
    <techHediffsTags>
      <li>Poor</li>
      <li>Simple</li>
      <li>Advanced</li>
      <li>AdvancedWeapon</li>
    </techHediffsTags>
    <combatEnhancingDrugsChance>0.5</combatEnhancingDrugsChance>
    <combatEnhancingDrugsCount>
      <min>1</min>
      <max>2</max>
    </combatEnhancingDrugsCount>
    <techHediffsChance>0.02</techHediffsChance>
  </PawnKindDef>
</Defs>